no,avatar,name,phone
1,gilbertsit,Chief,60167100088
2,gilbertsit,Patrice,60167100088
3,gilbertsit,James,60167100088
6,gilbersit,Anusha,60167100088
7,gilbersit,Raymond,60167100088
8,gilbersit,Chai,60167100088
9,gilbersit,Kumaran,60167100088
10,gilbersit,Vincent,60167100088
11,gilbersit,Leong,60167100088
12,gilbersit,Amos,60167100088
13,gilbersit,Ang,60167100088
14,gilbersit,Darwin,60167100088
15,gilbersit,Herman,60167100088
16,gilbersit,Jos,60167100088
17,gilbersit,Virong,60167100088
18,gilbersit,Alissa,60167100088
19,gilbersit,Golf,60167100088
20,gilbersit,Y.U,60167100088
21,gilbersit,Son,60167100088
22,gilbersit,Bruce,60167100088
23,gilbersit,Vu,60167100088
24,gilbersit,Kem,60167100088
25,gilbersit,Shingo,60167100088
